epoch,train_loss,val_iou,seconds
1,0.933230,0.816138,17.7
2,0.265548,0.929988,16.3
3,0.204965,0.937615,15.8
4,0.174146,0.933600,16.8
5,0.137886,0.952488,16.1
6,0.121433,0.954654,16.7
7,0.105948,0.954583,17.2
8,0.102449,0.957090,17.5
9,0.094877,0.957833,18.0
10,0.093386,0.960643,17.8
